City,Cloudiness,Country,Date,Humidity,Lat,Lng,Max Temp,Windspeed
catuday,61.0,PH,1584246891.0,80.0,16.29,119.81,79.61,15.79
silikatnyy,90.0,RU,1584246891.0,100.0,53.99,48.33,33.8,6.71
georgetown,100.0,SH,1584246891.0,75.0,-7.93,-14.42,79.74,15.66
rikitea,3.0,PF,1584246891.0,71.0,-23.12,-134.97,78.84,9.75
tromso,75.0,NO,1584246667.0,86.0,69.65,18.96,33.8,35.57
cheyenne,90.0,US,1584246824.0,100.0,41.14,-104.82,32.0,10.38
nanortalik,100.0,GL,1584246892.0,93.0,60.14,-45.24,22.73,7.27
avarua,12.0,CK,1584246892.0,78.0,-21.21,-159.78,82.4,6.93
san patricio,46.0,MX,1584246892.0,85.0,19.22,-104.7,76.6,4.97
yibin,92.0,CN,1584246860.0,39.0,28.77,104.62,68.54,6.26
bredasdorp,99.0,ZA,1584246893.0,93.0,-34.53,20.04,60.8,6.93
hermanus,100.0,ZA,1584246893.0,78.0,-34.42,19.23,63.0,7.0
jinchang,100.0,CN,1584246893.0,23.0,38.5,102.17,40.39,8.9
tasiilaq,41.0,GL,1584246893.0,70.0,65.61,-37.64,-2.2,3.36
dodge city,90.0,US,1584246893.0,91.0,37.75,-100.02,34.0,8.05
san ramon de la nueva oran,100.0,AR,1584246894.0,98.0,-23.13,-64.33,70.23,3.42
tuktoyaktuk,23.0,CA,1584246894.0,84.0,69.45,-133.04,10.49,35.66
lebu,0.0,CL,1584246894.0,89.0,-37.62,-73.65,48.85,5.5
carnarvon,75.0,AU,1584246894.0,65.0,-24.87,113.63,82.4,9.17
saint-pierre,81.0,PM,1584246866.0,80.0,46.77,-56.17,28.53,33.91
shemysheyka,100.0,RU,1584246895.0,75.0,52.89,45.39,36.0,11.27
jamestown,100.0,SH,1584246895.0,71.0,-15.94,-5.72,76.44,18.05
touros,75.0,BR,1584246895.0,100.0,-5.2,-35.46,75.2,4.7
llanelli,100.0,GB,1584246895.0,100.0,51.68,-4.16,51.01,25.28
mahebourg,75.0,MU,1584246895.0,83.0,-20.41,57.7,82.0,4.7
kavaratti,40.0,IN,1584246896.0,70.0,10.57,72.64,84.2,4.7
turcianske teplice,0.0,SK,1584246896.0,73.0,48.86,18.86,30.99,2.24
vaini,75.0,TO,1584246896.0,79.0,-21.2,-175.2,84.2,14.99
fatehpur,26.0,PK,1584246896.0,40.0,31.18,71.21,73.04,5.79
saint-philippe,74.0,RE,1584246897.0,65.0,-21.36,55.77,80.6,5.82
puerto ayora,2.0,EC,1584246898.0,80.0,-0.74,-90.35,79.0,5.01
ustye,45.0,RU,1584246898.0,82.0,59.63,39.74,19.85,9.93
rapid valley,90.0,US,1584246898.0,92.0,44.06,-103.15,32.0,20.8
matay,2.0,EG,1584246899.0,69.0,28.42,30.78,64.26,1.07
syracuse,5.0,IT,1584246900.0,100.0,37.09,15.28,57.0,1.12
kudahuvadhoo,8.0,MV,1584246900.0,64.0,2.67,72.89,84.49,6.6
morant bay,20.0,JM,1584246900.0,69.0,17.88,-76.41,78.8,10.29
bluff,100.0,NZ,1584246900.0,69.0,-46.6,168.33,68.0,1.01
mount barker,0.0,AU,1584246900.0,33.0,-35.07,138.87,77.0,12.75
oriximina,100.0,BR,1584246901.0,98.0,-1.77,-55.87,73.69,7.52
nizhniy kuranakh,100.0,RU,1584246901.0,91.0,58.84,125.49,15.6,8.52
chokurdakh,20.0,RU,1584246901.0,85.0,70.63,147.92,-17.72,2.84
maicao,13.0,CO,1584246904.0,78.0,11.38,-72.24,77.85,11.07
raisen,33.0,IN,1584246904.0,35.0,23.33,77.8,69.8,8.05
half moon bay,90.0,US,1584246904.0,81.0,37.46,-122.43,51.01,9.17
cape town,75.0,ZA,1584246760.0,72.0,-33.93,18.42,64.4,14.99
provideniya,93.0,RU,1584246904.0,95.0,64.38,-173.3,17.49,8.05
teguldet,100.0,RU,1584246904.0,94.0,57.31,88.17,34.14,14.41
gryfice,6.0,PL,1584246681.0,63.0,53.92,15.2,35.01,13.87
punta arenas,99.0,CL,1584246779.0,71.0,-53.15,-70.92,55.4,17.22
luanda,75.0,AO,1584246785.0,83.0,-8.84,13.23,80.6,4.7
busselton,14.0,AU,1584246905.0,67.0,-33.65,115.33,78.01,15.43
ushuaia,75.0,AR,1584246905.0,66.0,-54.8,-68.3,53.6,9.17
hammerfest,100.0,NO,1584246905.0,92.0,70.66,23.68,24.8,5.82
fairburn,20.0,US,1584246906.0,71.0,33.57,-84.58,63.0,3.36
salalah,75.0,OM,1584246906.0,57.0,17.02,54.09,77.0,5.82
lucapa,100.0,AO,1584246906.0,89.0,-8.42,20.74,68.0,1.88
sioux lookout,5.0,CA,1584246906.0,51.0,50.1,-91.92,10.4,3.36
nikolskoye,27.0,RU,1584246907.0,57.0,59.7,30.79,21.2,8.95
bilma,7.0,NE,1584246907.0,21.0,18.69,12.92,61.07,2.86
yerbogachen,100.0,RU,1584246907.0,90.0,61.28,108.01,31.48,12.28
valparaiso,0.0,CL,1584246735.0,87.0,-33.04,-71.63,55.4,4.7
thompson,20.0,CA,1584246844.0,49.0,55.74,-97.86,-2.2,5.19
estacion coahuila,1.0,MX,1584246909.0,77.0,32.19,-115.0,64.4,8.05
iqaluit,5.0,CA,1584246753.0,67.0,63.75,-68.51,-27.0,10.29
olafsvik,93.0,IS,1584246910.0,64.0,64.89,-23.71,31.32,26.08
nhulunbuy,40.0,AU,1584246910.0,46.0,-12.23,136.77,91.4,5.82
mahibadhoo,48.0,MV,1584246910.0,76.0,3.78,72.97,83.84,11.72
sayyan,6.0,YE,1584246911.0,35.0,15.17,44.32,69.1,1.86
butaritari,19.0,KI,1584246911.0,76.0,3.07,172.79,84.04,13.22
bundaberg,75.0,AU,1584246678.0,48.0,-24.85,152.35,84.2,13.87
celestun,2.0,MX,1584246912.0,73.0,20.87,-90.4,77.59,14.76
arraial do cabo,8.0,BR,1584246912.0,87.0,-22.97,-42.03,77.86,14.36
sitka,1.0,US,1584246912.0,74.0,57.05,-135.33,35.6,6.93
hobart,20.0,AU,1584246912.0,63.0,-42.88,147.33,64.0,18.34
kiunga,55.0,PG,1584246625.0,88.0,-6.12,141.29,82.44,3.2
richards bay,58.0,ZA,1584246913.0,84.0,-28.78,32.04,77.92,12.46
ajdabiya,34.0,LY,1584246914.0,59.0,30.76,20.23,64.36,9.57
leningradskiy,98.0,RU,1584246914.0,76.0,69.38,178.42,10.65,13.04
souillac,75.0,MU,1584246914.0,83.0,-20.52,57.52,82.0,4.7
orlik,50.0,RU,1584246915.0,64.0,52.52,99.83,25.3,14.14
vila velha,20.0,BR,1584246859.0,94.0,-20.33,-40.29,75.2,2.24
lagoa,16.0,PT,1584246916.0,79.0,39.05,-27.98,58.26,7.54
khatanga,100.0,RU,1584246917.0,95.0,71.97,102.5,30.13,13.98
obo,96.0,CF,1584246917.0,73.0,5.4,26.49,76.68,1.54
laguna,3.0,BR,1584246917.0,98.0,-28.48,-48.78,66.15,2.82
nador,75.0,MA,1584246917.0,72.0,35.17,-2.93,60.8,4.7
kapaa,1.0,US,1584246917.0,64.0,22.08,-159.32,75.2,11.41
sibolga,48.0,ID,1584246919.0,46.0,1.74,98.78,91.35,3.42
biak,40.0,ID,1584246919.0,68.0,-0.91,122.88,83.66,1.36
esperance,40.0,AU,1584246919.0,54.0,-33.87,121.9,78.8,17.22
mayumba,86.0,GA,1584246920.0,82.0,-3.43,10.66,82.08,5.21
victoria,20.0,SC,1584246920.0,66.0,-4.62,55.45,86.0,2.24
severo-kurilsk,100.0,RU,1584246920.0,90.0,50.68,156.12,20.95,20.69
khorixas,34.0,NA,1584246920.0,36.0,-20.37,14.97,75.29,0.74
new norfolk,20.0,AU,1584246921.0,63.0,-42.78,147.06,64.0,18.34
tete,19.0,MZ,1584246921.0,78.0,-16.16,33.59,78.37,2.42
puri,20.0,IN,1584246921.0,54.0,19.8,85.85,78.8,3.36
roald,100.0,NO,1584246921.0,70.0,62.58,6.13,42.8,16.11
east london,75.0,ZA,1584246921.0,88.0,-33.02,27.91,68.0,8.05
renqiu,0.0,CN,1584246922.0,18.0,38.7,116.09,63.77,3.49
amazar,43.0,RU,1584246923.0,85.0,53.86,120.88,18.84,5.55
ilave,88.0,PE,1584246923.0,83.0,-16.08,-69.67,43.25,5.32
kahului,75.0,US,1584246923.0,78.0,20.89,-156.47,75.2,9.17
melfi,44.0,TD,1584246924.0,13.0,11.06,17.94,71.4,3.65
mugumu,66.0,TZ,1584246924.0,83.0,-1.85,34.7,70.12,3.29
cidreira,0.0,BR,1584246924.0,88.0,-30.18,-50.21,75.58,17.67
ishinomaki,40.0,JP,1584246924.0,23.0,38.42,141.3,50.0,8.05
dikson,33.0,RU,1584246924.0,96.0,73.51,80.55,-14.49,3.56
albany,75.0,AU,1584246924.0,57.0,-35.02,117.89,78.8,16.11
havelock,90.0,US,1584246850.0,50.0,34.88,-76.9,57.99,5.82
castro,0.0,CL,1584246925.0,100.0,-42.47,-73.77,44.6,4.7
yellowknife,90.0,CA,1584246925.0,72.0,62.46,-114.35,10.4,5.82
atuona,15.0,PF,1584246925.0,67.0,-9.8,-139.03,82.53,8.25
sao filipe,9.0,CV,1584246925.0,60.0,14.9,-24.5,72.55,15.08
bethel,90.0,US,1584246925.0,55.0,41.37,-73.41,46.0,9.17
nizhniy ingash,98.0,RU,1584246926.0,81.0,56.2,96.53,37.04,17.54
semey,81.0,KZ,1584246916.0,74.0,50.41,80.23,37.4,6.71
ambilobe,100.0,MG,1584246926.0,84.0,-13.2,49.05,82.6,13.71
saint-louis,10.0,SN,1584246926.0,49.0,16.33,-15.0,68.0,2.24
harper,100.0,LR,1584246926.0,95.0,4.38,-7.72,78.13,3.24
hunchun,100.0,CN,1584246926.0,51.0,42.87,130.36,32.88,11.54
kasongo-lunda,100.0,CD,1584246927.0,92.0,-6.47,16.82,70.81,0.89
sao joao da barra,57.0,BR,1584246927.0,87.0,-21.64,-41.05,76.23,5.19
tyret pervaya,69.0,RU,1584246927.0,100.0,53.67,102.31,35.28,5.93
port hardy,5.0,CA,1584246927.0,40.0,50.7,-127.42,35.6,18.34
longyearbyen,40.0,SJ,1584246685.0,77.0,78.22,15.64,-2.2,6.93
batagay-alyta,0.0,RU,1584246928.0,92.0,67.8,130.41,-14.93,6.08
moberly,90.0,US,1584246843.0,89.0,39.42,-92.44,37.0,12.75
qaanaaq,63.0,GL,1584246929.0,60.0,77.48,-69.36,-19.7,7.7
plettenberg bay,94.0,ZA,1584246929.0,90.0,-34.05,23.37,64.94,6.8
marawi,9.0,SD,1584246929.0,20.0,18.48,31.82,69.96,12.21
namatanai,92.0,PG,1584246929.0,71.0,-3.67,152.43,85.08,8.5
chuy,100.0,UY,1584246929.0,83.0,-33.7,-53.46,67.1,10.31
boguchar,78.0,RU,1584246929.0,60.0,49.94,40.55,30.42,20.89
myitkyina,17.0,MM,1584246931.0,20.0,25.38,97.4,100.53,2.21
cherskiy,100.0,RU,1584246666.0,93.0,68.75,161.3,8.94,9.86
samoded,0.0,RU,1584246931.0,83.0,63.61,40.51,18.59,4.0
san jose,0.0,GT,1584246931.0,93.0,16.98,-89.9,68.13,2.86
zabaykalsk,0.0,RU,1584246932.0,78.0,49.63,117.32,15.64,8.66
ribeira grande,26.0,PT,1584246932.0,88.0,38.52,-28.7,54.95,3.74
hienghene,100.0,NC,1584246933.0,79.0,-20.68,164.93,83.84,47.74
road town,75.0,VG,1584246933.0,69.0,18.42,-64.62,77.0,5.82
eureka,90.0,US,1584246874.0,81.0,40.8,-124.16,42.8,8.05
lakatoro,100.0,VU,1584246935.0,76.0,-16.1,167.42,85.69,31.79
mount isa,40.0,AU,1584246935.0,23.0,-20.73,139.5,93.2,9.17
sarankhola,94.0,BD,1584246935.0,28.0,22.31,89.79,92.43,12.26
ilo,100.0,PE,1584246936.0,88.0,-17.64,-71.34,72.46,5.68
pevek,84.0,RU,1584246937.0,69.0,69.7,170.31,12.24,17.36
port alfred,81.0,ZA,1584246938.0,89.0,-33.59,26.89,68.0,5.99
beloha,92.0,MG,1584246762.0,63.0,-25.17,45.05,80.06,10.49
ossora,0.0,RU,1584246939.0,73.0,59.24,163.07,16.57,6.24
tacuarembo,79.0,UY,1584246746.0,78.0,-31.73,-55.98,70.3,5.73
west bay,20.0,KY,1584246939.0,88.0,19.37,-81.42,78.8,5.82
nemuro,40.0,JP,1584246939.0,77.0,43.32,145.57,32.0,11.41
sao miguel do araguaia,0.0,BR,1584246940.0,96.0,-13.28,-50.16,71.42,2.04
labuhan,57.0,ID,1584246940.0,66.0,-6.88,112.21,87.96,3.51
samarinda,45.0,ID,1584246773.0,49.0,-0.5,117.15,90.97,3.71
longview,90.0,US,1584246940.0,93.0,32.5,-94.74,70.0,4.7
pangnirtung,100.0,CA,1584246940.0,97.0,66.15,-65.71,-35.05,1.1
upernavik,91.0,GL,1584246941.0,99.0,72.79,-56.15,-16.76,4.7
norman wells,90.0,CA,1584246941.0,92.0,65.28,-126.83,19.4,2.24
beaumont,20.0,CA,1584246941.0,76.0,53.35,-113.42,1.0,0.2
itarema,79.0,BR,1584246864.0,95.0,-2.92,-39.92,74.07,4.47
genc,0.0,TR,1584246941.0,66.0,38.75,40.56,46.54,3.09
karasjok,90.0,NO,1584246943.0,85.0,69.47,25.51,24.8,66.66
mogadishu,75.0,SO,1584246943.0,74.0,2.04,45.34,82.4,11.41
antofagasta,90.0,CL,1584246785.0,82.0,-23.65,-70.4,66.2,5.82
takoradi,100.0,GH,1584246944.0,93.0,4.88,-1.76,75.72,2.1
mirador,100.0,BR,1584246944.0,94.0,-6.37,-44.36,71.31,0.81
iskateley,74.0,RU,1584246945.0,89.0,67.68,53.15,9.01,6.53
hithadhoo,65.0,MV,1584246945.0,60.0,-0.6,73.08,83.71,4.94
ahipara,0.0,NZ,1584246945.0,74.0,-35.17,173.17,67.8,12.93
sorland,94.0,NO,1584246945.0,63.0,67.67,12.69,34.99,12.08
katsuura,75.0,JP,1584246946.0,37.0,35.13,140.3,50.0,9.17
quechultenango,17.0,MX,1584246946.0,95.0,17.42,-99.22,57.25,5.32
agadir,20.0,MA,1584246946.0,100.0,30.42,-9.6,51.8,5.82
sal rei,40.0,CV,1584246669.0,83.0,16.18,-22.92,69.8,12.75
tessalit,16.0,ML,1584246946.0,14.0,20.2,1.01,70.14,12.3
glasgow,90.0,US,1584246947.0,81.0,39.6,-75.75,46.99,9.17
wanlaweyn,48.0,SO,1584246947.0,61.0,2.62,44.89,86.56,13.06
asyut,13.0,EG,1584246947.0,62.0,27.18,31.18,57.2,4.59
ponta do sol,40.0,CV,1584246947.0,77.0,17.2,-25.09,69.8,25.28
baltoji voke,0.0,LT,1584246948.0,79.0,54.6,25.2,23.0,5.82
garwolin,0.0,PL,1584246948.0,13.0,51.9,21.61,28.99,3.89
saint-augustin,43.0,CA,1584246949.0,85.0,51.23,-58.65,16.43,13.65
santa comba,90.0,ES,1584246949.0,100.0,43.03,-8.81,48.99,2.24
kovdor,100.0,RU,1584246949.0,83.0,67.57,30.48,20.52,24.54
alappuzha,3.0,IN,1584246694.0,38.0,9.49,76.33,99.3,2.95
port blair,16.0,IN,1584246949.0,69.0,11.67,92.75,83.64,8.75
lorengau,94.0,PG,1584246949.0,70.0,-2.02,147.27,85.55,9.84
hofn,99.0,IS,1584246949.0,63.0,64.25,-15.21,29.37,9.71
mana,38.0,GF,1584246950.0,93.0,5.66,-53.78,71.94,2.39
teguise,13.0,ES,1584246951.0,67.0,29.06,-13.56,62.6,10.29
huangpi,0.0,CN,1584246951.0,37.0,30.88,114.38,66.2,4.47
babu,67.0,CN,1584246951.0,48.0,24.42,111.52,69.78,2.62
hasaki,75.0,JP,1584246951.0,39.0,35.73,140.83,54.0,3.36
bathsheba,75.0,BB,1584246952.0,83.0,13.22,-59.52,77.0,16.11
kodiak,1.0,US,1584246664.0,70.0,57.79,-152.41,32.0,4.7
rechitsy,100.0,RU,1584246952.0,73.0,55.6,38.46,23.0,15.66
cockburn town,0.0,BS,1584246953.0,80.0,24.03,-74.52,73.45,16.42
misratah,0.0,LY,1584246953.0,71.0,32.38,15.09,63.9,14.03
chifeng,0.0,CN,1584246953.0,16.0,42.27,118.96,33.85,22.17
urucara,91.0,BR,1584246954.0,96.0,-2.54,-57.76,74.55,3.49
fairbanks,90.0,US,1584246830.0,62.0,64.84,-147.72,25.0,1.81
broome,48.0,AU,1584246955.0,67.0,-17.97,122.23,93.2,12.75
pingzhuang,0.0,CN,1584246955.0,18.0,42.04,119.29,33.55,17.34
qaqortoq,100.0,GL,1584246955.0,67.0,60.72,-46.03,21.2,4.7
sonamukhi,21.0,IN,1584246955.0,45.0,23.3,87.42,82.04,6.38
whitianga,0.0,NZ,1584246956.0,59.0,-36.83,175.7,77.0,7.0
boa vista,20.0,BR,1584246839.0,62.0,2.82,-60.67,84.2,4.7
presidencia roque saenz pena,99.0,AR,1584246956.0,48.0,-26.79,-60.44,83.32,5.41
coihaique,40.0,CL,1584246956.0,76.0,-45.58,-72.07,51.8,3.36
hilo,90.0,US,1584246956.0,78.0,19.73,-155.09,77.0,5.82
butembo,48.0,CD,1584246956.0,83.0,0.15,29.28,69.39,2.39
saint george,75.0,BM,1584246957.0,88.0,32.38,-64.68,66.99,3.36
kuchera,24.0,IN,1584246957.0,27.0,26.98,73.97,72.81,8.03
phan thiet,0.0,VN,1584246957.0,39.0,10.93,108.1,92.98,18.52
magistralnyy,100.0,RU,1584246959.0,97.0,56.17,107.45,33.91,3.69
reading,100.0,GB,1584246735.0,81.0,51.46,-0.97,50.0,18.34
cabo san lucas,20.0,MX,1584246960.0,64.0,22.89,-109.91,70.0,5.82
thinadhoo,91.0,MV,1584246961.0,60.0,0.53,72.93,83.95,5.95
el rosario,53.0,SV,1584246961.0,83.0,13.5,-89.03,77.0,2.24
fortuna,90.0,US,1584246961.0,93.0,40.6,-124.16,42.8,13.87
san cristobal,20.0,EC,1584246961.0,83.0,-0.9,-89.62,78.46,7.43
terney,97.0,RU,1584246724.0,87.0,45.05,136.61,26.46,5.7
necochea,16.0,AR,1584246962.0,75.0,-38.55,-58.74,62.01,8.99
namtsy,100.0,RU,1584246784.0,64.0,62.72,129.67,-4.0,2.24
barrow,1.0,US,1584246963.0,70.0,71.29,-156.79,-0.4,20.8
strezhevoy,90.0,RU,1584246723.0,80.0,60.73,77.59,35.6,13.42
muravlenko,97.0,RU,1584246963.0,91.0,63.79,74.52,6.33,13.24
atbasar,100.0,KZ,1584246964.0,93.0,51.8,68.33,33.57,12.37
ostrovnoy,65.0,RU,1584246965.0,79.0,68.05,39.51,10.62,29.73
zhigansk,100.0,RU,1584246965.0,94.0,66.77,123.37,-1.68,24.63
praia,12.0,CV,1584246965.0,73.0,14.92,-23.51,71.6,11.41
yumen,100.0,CN,1584246967.0,15.0,40.28,97.2,48.87,18.84
gobabis,0.0,NA,1584246967.0,77.0,-22.45,18.97,66.2,5.82
chapais,90.0,CA,1584246967.0,78.0,49.78,-74.85,12.2,11.41
mount gambier,90.0,AU,1584246967.0,55.0,-37.83,140.77,64.4,14.99
berlevag,100.0,NO,1584246967.0,75.0,70.86,29.09,31.26,21.25
ardrishaig,89.0,GB,1584246968.0,75.0,56.02,-5.45,45.0,28.86
bambous virieux,75.0,MU,1584246969.0,83.0,-20.34,57.76,82.0,4.7
dinajpur,33.0,BD,1584246969.0,40.0,25.63,88.64,82.51,5.77
vila do maio,11.0,CV,1584246970.0,73.0,15.13,-23.22,71.6,11.41
dali,58.0,CN,1584246970.0,26.0,25.7,100.18,73.56,10.92
frasinet,100.0,RO,1584246971.0,56.0,44.32,26.8,42.01,18.34
baghdad,75.0,IQ,1584246949.0,93.0,33.34,44.4,59.0,2.24
kichera,100.0,RU,1584246905.0,88.0,55.94,110.1,25.47,5.57
rio grande,69.0,BR,1584246769.0,96.0,-32.03,-52.1,72.0,1.99
miraflores,100.0,CO,1584246971.0,94.0,1.34,-71.95,74.08,0.94
udachnyy,90.0,RU,1584246972.0,85.0,66.42,112.4,23.0,6.71
spirit river,20.0,CA,1584246972.0,63.0,55.78,-118.84,-5.8,5.82
khandyga,100.0,RU,1584246972.0,85.0,62.67,135.6,-1.84,3.74
namibe,66.0,AO,1584246972.0,77.0,-15.2,12.15,76.39,2.57
sur,100.0,OM,1584246973.0,25.0,22.57,59.53,78.46,10.83
jucuaran,8.0,SV,1584246973.0,75.0,13.25,-88.25,80.94,8.48
dezful,100.0,IR,1584246973.0,85.0,32.38,48.41,58.95,8.08
tiksi,60.0,RU,1584246973.0,78.0,71.69,128.87,-10.8,6.53
chiredzi,8.0,ZW,1584246974.0,52.0,-21.05,31.67,81.05,1.39
okhotsk,100.0,RU,1584246974.0,87.0,59.38,143.3,10.0,5.01
coquimbo,20.0,CL,1584246975.0,93.0,-29.95,-71.34,60.8,3.36
santa maria da boa vista,90.0,BR,1584246976.0,78.0,-8.81,-39.83,73.24,10.29
sylva,75.0,RU,1584246758.0,96.0,58.03,56.76,32.0,4.47
henties bay,1.0,NA,1584246976.0,95.0,-22.12,14.28,61.0,1.81
almeirim,100.0,BR,1584246976.0,98.0,-1.52,-52.58,73.72,2.17
port elizabeth,64.0,ZA,1584246977.0,88.0,-33.92,25.57,66.2,18.34
grand gaube,75.0,MU,1584246977.0,83.0,-20.01,57.66,82.0,4.7
aksarka,97.0,RU,1584246977.0,84.0,66.56,67.8,-0.04,7.78
susanville,90.0,US,1584246770.0,64.0,40.42,-120.65,35.6,14.99
opuwo,100.0,NA,1584246978.0,44.0,-18.06,13.84,70.47,8.48
broken hill,42.0,AU,1584246978.0,28.0,-31.95,141.43,71.6,14.99
aasiaat,92.0,GL,1584246979.0,96.0,68.71,-52.87,-14.1,5.46
grindavik,0.0,IS,1584246979.0,73.0,63.84,-22.43,21.2,10.29
ilhabela,0.0,BR,1584246979.0,87.0,-23.78,-45.36,77.38,11.21
alexandria,11.0,EG,1584246936.0,100.0,31.22,29.96,55.4,4.34
jackson,90.0,US,1584246961.0,80.0,42.42,-122.83,39.2,9.17
le port,100.0,RE,1584246979.0,69.0,-20.94,55.29,80.6,10.29
daloa,100.0,CI,1584246980.0,83.0,6.88,-6.45,76.82,4.16
port lincoln,3.0,AU,1584246963.0,55.0,-34.73,135.87,65.39,13.47
yinchuan,97.0,CN,1584246980.0,10.0,38.47,106.27,53.28,0.72
andreiasu de jos,75.0,RO,1584246980.0,55.0,45.75,26.83,39.2,23.04
preston,75.0,US,1584246841.0,75.0,42.1,-111.88,48.0,9.17
kodinsk,99.0,RU,1584246724.0,96.0,58.69,99.18,32.09,11.95
tucurui,100.0,BR,1584246981.0,96.0,-3.77,-49.67,74.37,2.48
sambava,100.0,MG,1584246981.0,98.0,-14.27,50.17,72.34,4.09
loandjili,20.0,CG,1584246981.0,94.0,-4.76,11.86,78.8,4.7
paamiut,100.0,GL,1584246982.0,64.0,61.99,-49.67,3.87,6.62
deogarh,25.0,IN,1584246984.0,40.0,21.53,84.73,86.88,5.57
yakeshi,0.0,CN,1584246984.0,78.0,49.28,120.73,6.96,6.44
port macquarie,40.0,AU,1584246975.0,93.0,-31.43,152.92,72.0,14.99
sydney,75.0,AU,1584246757.0,77.0,-33.87,151.21,70.0,23.04
isangel,75.0,VU,1584246984.0,79.0,-19.55,169.27,86.0,13.87
ilulissat,85.0,GL,1584246983.0,64.0,69.22,-51.1,-0.4,8.05
vao,100.0,NC,1584246987.0,81.0,-22.67,167.48,83.61,36.31
severo-yeniseyskiy,99.0,RU,1584246988.0,95.0,60.37,93.04,32.47,17.43
dzhubga,100.0,RU,1584246989.0,67.0,44.32,38.7,44.15,7.09
kavieng,99.0,PG,1584246990.0,63.0,-2.57,150.8,85.73,5.32
veraval,67.0,IN,1584246990.0,14.0,20.9,70.37,88.09,18.03
tucupita,45.0,VE,1584246990.0,98.0,9.06,-62.05,69.76,1.34
chernenko,96.0,RU,1584246990.0,63.0,44.37,39.31,46.0,3.78
nouadhibou,0.0,MR,1584246991.0,73.0,20.93,-17.03,64.29,23.55
pasighat,100.0,IN,1584246991.0,61.0,28.07,95.33,75.06,0.85
rosa zarate,82.0,EC,1584246991.0,93.0,0.33,-79.47,70.5,0.07
mocuba,15.0,MZ,1584246991.0,82.0,-16.84,36.99,78.84,2.39
urengoy,100.0,RU,1584246991.0,91.0,65.97,78.37,4.87,15.79
petropavlovsk-kamchatskiy,95.0,RU,1584246992.0,46.0,53.05,158.65,28.4,4.47
kharp,100.0,RU,1584246992.0,94.0,66.8,65.81,2.89,1.45
clyde river,1.0,CA,1584246992.0,73.0,70.47,-68.59,-29.2,3.36
amapa,100.0,BR,1584246992.0,91.0,1.0,-52.0,72.91,2.86
taoudenni,0.0,ML,1584246992.0,13.0,22.68,-3.98,66.72,5.88
palana,100.0,RU,1584246992.0,80.0,59.12,159.97,17.94,17.69
baykit,98.0,RU,1584246993.0,87.0,61.67,96.37,32.4,10.78
bud,100.0,NO,1584246993.0,52.0,62.91,6.91,42.8,8.05
jalu,24.0,LY,1584246993.0,36.0,29.03,21.55,64.0,6.85
polunochnoye,47.0,RU,1584246994.0,79.0,60.87,60.42,30.47,5.01
shwebo,88.0,MM,1584246995.0,17.0,22.57,95.7,99.59,5.91
mizdah,0.0,LY,1584246995.0,37.0,31.45,12.98,57.25,6.78
novobirilyussy,100.0,RU,1584246995.0,96.0,56.95,90.67,33.51,14.29
spoleto,14.0,IT,1584246995.0,75.0,42.74,12.74,46.4,10.29
borovoy,40.0,RU,1584246996.0,80.0,55.43,86.08,35.6,17.9
dire,7.0,ML,1584246997.0,17.0,12.28,-10.97,69.13,1.34
helena,1.0,US,1584246768.0,64.0,46.59,-112.04,-0.4,10.29
lompoc,75.0,US,1584246997.0,76.0,34.64,-120.46,55.4,3.36
seoul,75.0,KR,1584246729.0,29.0,37.57,126.98,50.0,8.05
tilichiki,100.0,RU,1584246999.0,94.0,60.47,166.1,21.25,3.42
hamilton,75.0,BM,1584246904.0,88.0,32.29,-64.78,68.0,3.36
elie,100.0,GB,1584247000.0,75.0,56.19,-2.82,46.0,23.04
torbat-e jam,51.0,IR,1584246948.0,16.0,35.24,60.62,66.78,15.35
belmonte,20.0,BR,1584247000.0,83.0,-15.86,-38.88,77.0,1.12
tuatapere,100.0,NZ,1584247000.0,69.0,-46.13,167.68,68.0,1.01
mopti,36.0,ML,1584247000.0,34.0,14.67,-4.0,80.6,4.7
tecoanapa,0.0,MX,1584247000.0,81.0,16.52,-98.75,74.1,2.8
voh,100.0,NC,1584247001.0,75.0,-20.97,164.7,83.91,47.98
torbay,75.0,CA,1584247001.0,74.0,47.67,-52.73,33.01,29.97
alofi,100.0,NU,1584247001.0,79.0,-19.06,-169.92,84.2,6.93
sasovo,100.0,RU,1584247001.0,84.0,54.35,41.92,28.02,20.27
shingu,40.0,JP,1584246971.0,43.0,33.73,135.98,51.8,6.93
pitimbu,75.0,BR,1584247002.0,100.0,-7.47,-34.81,77.0,6.93
pindiga,57.0,NG,1584247002.0,16.0,9.98,10.93,65.91,5.75
mar del plata,20.0,AR,1584247002.0,93.0,-38.0,-57.56,64.0,3.36
bonthe,36.0,SL,1584247003.0,89.0,7.53,-12.51,78.89,4.5
lazaro cardenas,26.0,MX,1584247003.0,89.0,17.96,-102.2,74.84,2.8
villa florida,98.0,PY,1584247004.0,46.0,-26.38,-57.15,78.73,3.56
ancud,8.0,CL,1584247004.0,100.0,-41.87,-73.82,44.6,4.7
synya,100.0,RU,1584247004.0,85.0,65.37,58.04,8.35,7.74
tamandare,100.0,BR,1584247004.0,77.0,-8.76,-35.1,81.43,8.32
correntina,99.0,BR,1584247004.0,95.0,-13.34,-44.64,67.14,3.2
baiyin,100.0,CN,1584247004.0,18.0,36.56,104.21,48.2,4.47
guaruja,10.0,BR,1584246717.0,83.0,-23.99,-46.26,78.01,4.7
gort,75.0,IE,1584247005.0,87.0,53.07,-8.82,42.8,14.99
viransehir,0.0,TR,1584247005.0,77.0,37.24,39.76,55.31,4.36
ca mau,76.0,VN,1584247005.0,40.0,9.18,105.15,94.21,16.17
buala,87.0,SB,1584247005.0,75.0,-8.14,159.59,83.59,9.48
ayan,0.0,RU,1584247006.0,66.0,56.45,138.17,8.37,3.47
champerico,16.0,GT,1584247007.0,79.0,14.3,-91.92,76.44,3.38
lola,67.0,GN,1584247008.0,84.0,7.8,-8.53,74.8,6.91
lavrentiya,100.0,RU,1584247011.0,94.0,65.58,-171.0,20.25,11.72
wanning,100.0,CN,1584247011.0,88.0,18.8,110.4,72.79,10.02
simplicio mendes,100.0,BR,1584247011.0,79.0,-7.85,-41.91,73.27,3.38
pinyug,99.0,RU,1584247012.0,79.0,60.25,47.78,20.86,5.88
nome,100.0,US,1584247012.0,97.0,64.5,-165.41,30.0,11.36
rabat,20.0,MA,1584246744.0,93.0,33.99,-6.84,60.01,4.7
hay river,75.0,CA,1584247012.0,40.0,60.82,-115.8,15.8,10.29
bolshevik,80.0,RU,1584247012.0,51.0,46.51,38.23,38.8,14.67
stornoway,68.0,GB,1584247012.0,93.0,58.21,-6.39,43.0,19.46
lac du bonnet,86.0,CA,1584247013.0,74.0,50.25,-96.06,10.0,2.48
kurumkan,96.0,RU,1584247013.0,96.0,54.3,110.3,26.74,2.75
bengkulu,72.0,ID,1584247014.0,58.0,-3.8,102.27,89.89,7.58
romanovo,100.0,RU,1584247014.0,99.0,52.62,81.23,33.94,12.97
vila franca do campo,20.0,PT,1584247015.0,82.0,37.72,-25.43,55.4,9.17
ryotsu,75.0,JP,1584247015.0,52.0,38.08,138.43,46.4,4.7
jiupu,75.0,CN,1584247015.0,25.0,41.07,122.95,32.61,22.28
quixada,100.0,BR,1584247015.0,97.0,-4.97,-39.02,72.52,4.0
bay roberts,75.0,CA,1584247016.0,74.0,47.6,-53.26,33.01,29.97
lyaskelya,21.0,RU,1584247016.0,67.0,61.77,31.02,17.94,4.88
trairi,99.0,BR,1584247016.0,94.0,-3.28,-39.27,73.38,3.06
kruisfontein,31.0,ZA,1584247016.0,83.0,-34.0,24.73,66.06,15.12
qasigiannguit,85.0,GL,1584247016.0,64.0,68.82,-51.19,-0.4,8.05
lerwick,33.0,GB,1584247017.0,87.0,60.15,-1.15,44.6,16.11
kondinskoye,12.0,RU,1584247017.0,92.0,59.65,67.41,32.7,5.28
saskylakh,100.0,RU,1584247017.0,91.0,71.92,114.08,12.34,16.33
soyo,75.0,AO,1584247017.0,89.0,-6.13,12.37,79.0,4.14
puerto asis,88.0,CO,1584247017.0,99.0,0.51,-76.5,72.07,1.61
eyl,51.0,SO,1584247018.0,75.0,7.98,49.82,80.22,11.86
manokwari,100.0,ID,1584247018.0,87.0,-0.87,134.08,76.84,9.19
hauterive,90.0,CA,1584247019.0,57.0,49.18,-68.27,21.99,11.41
okato,0.0,NZ,1584247019.0,53.0,-39.2,173.88,72.0,5.99
la libertad,26.0,SV,1584247019.0,83.0,13.49,-89.32,77.0,2.24
bonavista,55.0,CA,1584246794.0,79.0,48.65,-53.11,30.99,18.99
aguas vermelhas,100.0,BR,1584247020.0,99.0,-15.75,-41.46,62.6,2.62
yar-sale,37.0,RU,1584246784.0,86.0,66.83,70.83,-5.33,8.39
bardiyah,95.0,LY,1584247020.0,80.0,31.76,25.09,60.51,7.45
storforshei,100.0,NO,1584247021.0,96.0,66.4,14.52,16.12,2.06
fortuna foothills,1.0,US,1584247022.0,77.0,32.66,-114.41,64.4,8.05
najran,75.0,SA,1584247022.0,46.0,17.49,44.13,71.6,6.93
hervey bay,75.0,AU,1584247023.0,48.0,-25.3,152.85,84.2,13.87
buraydah,40.0,SA,1584247024.0,82.0,26.33,43.98,60.8,10.29
langsa,51.0,ID,1584247024.0,49.0,4.47,97.97,92.71,5.3
constitucion,89.0,MX,1584247024.0,43.0,23.99,-104.67,64.99,8.99
college,90.0,US,1584247024.0,62.0,64.86,-147.8,28.0,1.9
derzhavinsk,100.0,KZ,1584247024.0,93.0,51.1,66.32,36.07,17.09
muros,90.0,ES,1584247026.0,100.0,42.78,-9.06,51.01,2.24
aklavik,90.0,CA,1584247026.0,79.0,68.22,-135.01,21.2,25.28
redlands,90.0,US,1584247026.0,71.0,34.06,-117.18,62.6,5.82
sarila,0.0,IN,1584247026.0,21.0,25.77,79.68,80.17,5.75
vardo,100.0,NO,1584246956.0,83.0,70.37,31.11,28.26,33.67
kathu,0.0,ZA,1584247027.0,90.0,-27.7,23.05,61.0,8.25
iralaya,0.0,HN,1584247027.0,81.0,15.0,-83.23,79.57,15.1
tahoua,28.0,NE,1584247027.0,12.0,14.89,5.27,73.4,6.93
kristiinankaupunki,37.0,FI,1584247027.0,73.0,62.27,21.38,32.79,16.82
ampanihy,80.0,MG,1584247027.0,54.0,-24.7,44.75,82.24,3.94
mayo,90.0,CA,1584247028.0,72.0,63.59,-135.9,10.4,1.07
deputatskiy,0.0,RU,1584247028.0,94.0,69.3,139.9,-24.84,2.04
tura,100.0,RU,1584247028.0,87.0,64.28,100.25,28.63,19.39
gizo,100.0,SB,1584247028.0,82.0,-8.1,156.84,81.46,7.96
padang,71.0,ID,1584247028.0,66.0,-0.95,100.35,82.76,3.4
inhambane,12.0,MZ,1584247028.0,75.0,-23.86,35.38,79.83,4.83
marivan,67.0,IR,1584247028.0,66.0,35.52,46.18,51.91,1.1
veracruz,75.0,MX,1584247029.0,88.0,19.33,-96.67,78.01,2.24
santa cruz,17.0,CR,1584247029.0,54.0,10.26,-85.59,82.4,20.8
karpathos,100.0,GR,1584247029.0,87.0,35.51,27.21,59.0,4.7
karratha,13.0,AU,1584247029.0,76.0,-20.74,116.85,84.13,19.13
desaguadero,93.0,PE,1584247029.0,77.0,-16.57,-69.04,46.85,2.93
san quintin,61.0,MX,1584247030.0,79.0,30.48,-115.95,58.82,8.41
pochinki,63.0,RU,1584247030.0,93.0,54.7,44.87,34.9,8.28
mogadouro,0.0,PT,1584247030.0,79.0,41.34,-6.71,41.7,0.83
xunchang,97.0,CN,1584247030.0,32.0,28.45,104.72,67.14,4.85
olinda,20.0,BR,1584247030.0,83.0,-8.01,-34.86,78.8,5.82
owando,16.0,CG,1584247031.0,71.0,-0.48,15.9,77.07,0.65
tres coracoes,80.0,BR,1584247031.0,96.0,-21.7,-45.25,62.44,3.56
wakkanai,40.0,JP,1584247031.0,61.0,45.41,141.67,32.0,5.82
kutum,87.0,SD,1584247032.0,20.0,14.2,24.67,63.28,6.51
puerto leguizamo,100.0,CO,1584247032.0,98.0,-0.19,-74.78,71.44,2.24
alugan,11.0,PH,1584247032.0,63.0,12.22,125.48,82.13,12.1
los llanos de aridane,40.0,ES,1584247032.0,72.0,28.66,-17.92,60.8,6.93
pandegelang,20.0,ID,1584246853.0,62.0,-6.31,106.11,89.6,9.17
puerto escondido,40.0,MX,1584247032.0,83.0,15.85,-97.07,82.4,4.7
collie,35.0,AU,1584247034.0,65.0,-33.37,116.15,79.0,11.88
fort nelson,40.0,CA,1584247034.0,32.0,58.81,-122.7,23.0,4.7
husavik,0.0,IS,1584247034.0,77.0,66.04,-17.34,5.0,11.41
miquelon,83.0,PM,1584247035.0,83.0,47.1,-56.38,28.62,35.72
saldanha,12.0,ZA,1584247035.0,77.0,-33.01,17.94,60.8,12.75
arinos,74.0,BR,1584247036.0,95.0,-15.92,-46.11,68.05,1.81
hayden,1.0,US,1584247036.0,62.0,47.77,-116.79,23.0,21.92
tutoia,100.0,BR,1584247036.0,96.0,-2.76,-42.27,74.35,2.35
mmabatho,0.0,ZA,1584247036.0,82.0,-25.85,25.63,57.2,5.82
gra liyia,20.0,GR,1584247036.0,76.0,35.02,25.68,61.0,6.93
malindi,40.0,KE,1584246785.0,94.0,-3.22,40.12,80.6,3.76
valley city,90.0,US,1584246902.0,100.0,46.92,-98.0,15.8,6.93
narsaq,100.0,GL,1584247037.0,67.0,60.92,-46.05,21.2,4.7
vestmannaeyjar,0.0,IS,1584247037.0,57.0,63.44,-20.27,26.74,6.89
pisco,75.0,PE,1584247037.0,78.0,-13.7,-76.22,75.2,9.17
maoming,50.0,CN,1584247037.0,62.0,21.65,110.9,73.85,16.08
marcovia,56.0,HN,1584247038.0,68.0,13.29,-87.31,75.02,2.24
impfondo,35.0,CG,1584247038.0,65.0,1.64,18.07,76.33,1.39
buckeye,1.0,US,1584247038.0,87.0,33.37,-112.58,64.99,3.36
tautira,20.0,PF,1584247038.0,66.0,-17.73,-149.15,86.0,5.82
chilca,100.0,PE,1584247039.0,78.0,-12.52,-76.74,75.2,10.29
vitorino freire,100.0,BR,1584247039.0,95.0,-4.07,-45.17,73.26,1.7
tiznit,97.0,MA,1584247039.0,92.0,29.58,-9.5,48.83,2.51
ukiah,75.0,US,1584247039.0,75.0,39.15,-123.21,45.0,3.62
norrtalje,44.0,SE,1584247039.0,68.0,59.76,18.7,35.01,12.75
ferkessedougou,83.0,CI,1584247039.0,80.0,9.6,-5.2,75.99,7.47
defiance,90.0,US,1584247040.0,69.0,41.33,-84.45,34.0,4.7
mizan teferi,100.0,ET,1584247040.0,70.0,6.98,35.58,71.29,1.03
vittoria,0.0,IT,1584247040.0,93.0,36.95,14.53,57.0,2.24
bayevo,100.0,RU,1584247040.0,100.0,53.28,80.77,34.03,12.91
lodwar,100.0,KE,1584247040.0,36.0,3.12,35.6,90.77,7.92
taksimo,71.0,RU,1584247040.0,81.0,56.34,114.88,17.01,2.75
trabzon,75.0,TR,1584247041.0,87.0,40.92,39.83,50.0,6.93
bulanon,2.0,PH,1584247041.0,65.0,10.92,123.47,80.38,7.9
vagur,100.0,FO,1584247041.0,78.0,61.47,-6.81,36.61,37.47
tikapur,4.0,NP,1584247041.0,89.0,28.5,81.13,69.01,3.62
vanimo,100.0,PG,1584247042.0,90.0,-2.67,141.3,77.41,18.28
korla,100.0,CN,1584247042.0,26.0,41.76,86.15,40.48,4.45
caravelas,100.0,BR,1584247043.0,76.0,-17.71,-39.25,79.83,8.48
beringovskiy,92.0,RU,1584247043.0,92.0,63.05,179.32,20.5,7.45
tochio,40.0,JP,1584247064.0,56.0,37.47,139.0,50.0,5.82
rio gallegos,75.0,AR,1584247064.0,62.0,-51.62,-69.22,57.2,6.93
praia da vitoria,75.0,PT,1584247066.0,93.0,38.73,-27.07,57.2,9.53
portland,40.0,AU,1584247067.0,68.0,-38.33,141.6,59.29,15.88
shimoda,20.0,JP,1584247067.0,61.0,34.67,138.95,50.0,6.93
springdale,65.0,CA,1584247067.0,84.0,49.5,-56.06,22.15,10.94
bay saint louis,1.0,US,1584247067.0,83.0,30.31,-89.33,69.8,5.82
kurchatov,80.0,RU,1584247067.0,62.0,51.66,35.65,26.01,17.9
watsa,100.0,CD,1584247068.0,95.0,3.04,29.54,69.3,2.66
sai buri,20.0,TH,1584247068.0,70.0,6.7,101.62,87.8,11.41
hobyo,78.0,SO,1584247068.0,74.0,5.35,48.53,82.06,13.89
prieska,0.0,ZA,1584247068.0,23.0,-29.66,22.75,74.23,2.35
hambantota,20.0,LK,1584247069.0,66.0,6.12,81.12,87.8,13.87
pandan,47.0,PH,1584247069.0,62.0,14.05,124.17,81.59,10.31
anadyr,40.0,RU,1584247052.0,92.0,64.75,177.48,23.0,26.84
kuruman,0.0,ZA,1584247069.0,90.0,-27.45,23.43,61.0,7.07
kaitangata,100.0,NZ,1584247069.0,80.0,-46.28,169.85,61.0,3.0
morro bay,90.0,US,1584247070.0,76.0,35.37,-120.85,55.99,6.93
csepreg,15.0,HU,1584247070.0,85.0,47.4,16.71,30.0,2.24
matadi,64.0,CD,1584247071.0,92.0,-5.82,13.45,75.51,0.92
beatrice,90.0,US,1584247071.0,92.0,40.27,-96.75,35.01,9.17
ugoofaaru,4.0,MV,1584247071.0,72.0,5.67,73.0,83.8,11.39
viedma,0.0,AR,1584247071.0,68.0,-40.81,-63.0,53.47,1.21
rylsk,46.0,RU,1584247071.0,34.0,51.57,34.68,27.72,19.46
bone,27.0,ID,1584247071.0,61.0,-9.83,124.45,84.54,6.38
morondava,5.0,MG,1584247093.0,66.0,-20.28,44.28,82.81,4.76
naze,75.0,JP,1584247093.0,45.0,28.37,129.48,62.6,14.99
sisimiut,0.0,GL,1584247093.0,80.0,66.94,-53.67,-15.2,5.79
boende,35.0,CD,1584247093.0,74.0,-0.22,20.87,77.36,1.28
saint-gaudens,12.0,FR,1584247093.0,71.0,43.08,0.67,39.99,3.36
saint-jean-port-joli,0.0,CA,1584247094.0,59.0,47.22,-70.27,14.0,8.01
nuuk,100.0,GL,1584247094.0,71.0,64.18,-51.72,3.2,13.87
orleans,0.0,BR,1584247094.0,55.0,-28.36,-49.29,69.51,4.12
cayenne,20.0,GF,1584246956.0,78.0,4.93,-52.33,78.8,8.05
araouane,76.0,ML,1584247095.0,8.0,18.9,-3.53,71.87,3.83
illela,32.0,NE,1584247095.0,12.0,14.46,5.24,73.4,6.93
sistranda,75.0,NO,1584247095.0,59.0,63.73,8.83,37.4,25.28
fuling,100.0,CN,1584247095.0,64.0,29.7,107.39,58.35,3.83
plakhtiyivka,99.0,UA,1584247095.0,59.0,46.1,29.72,38.64,17.98
lae,100.0,PG,1584246817.0,88.0,-6.72,146.98,71.15,2.04
juodupe,22.0,LT,1584247096.0,67.0,56.08,25.62,27.61,8.32
samarai,17.0,PG,1584247096.0,59.0,-10.62,150.67,87.08,8.43
dawei,66.0,MM,1584247096.0,69.0,14.08,98.2,82.38,8.52
maningrida,13.0,AU,1584247096.0,59.0,-12.07,134.27,87.13,7.81
gornopravdinsk,24.0,RU,1584247097.0,86.0,60.05,69.9,34.23,6.29
sobolevo,98.0,RU,1584247097.0,56.0,54.43,31.9,25.32,19.82
nambucca heads,100.0,AU,1584247097.0,93.0,-30.65,153.0,72.0,17.22
umm lajj,0.0,SA,1584247097.0,48.0,25.02,37.27,67.23,6.8
geraldton,40.0,AU,1584247097.0,62.0,-28.77,114.6,84.2,17.22
kuopio,8.0,FI,1584247099.0,66.0,62.89,27.68,15.8,11.41
kazachinskoye,100.0,RU,1584247099.0,95.0,57.7,93.28,34.72,13.13
rocha,87.0,UY,1584247099.0,88.0,-34.48,-54.33,61.81,6.4
te anau,100.0,NZ,1584247100.0,91.0,-45.42,167.72,53.46,3.27
nizhnevartovsk,90.0,RU,1584247101.0,80.0,60.93,76.55,35.6,13.42
khuzhir,100.0,RU,1584247102.0,91.0,53.19,107.34,30.15,15.32
rulenge,75.0,TZ,1584247102.0,89.0,-2.72,30.63,67.05,0.56
leshukonskoye,37.0,RU,1584247103.0,88.0,64.9,45.76,14.38,4.88
pochutla,40.0,MX,1584247104.0,83.0,15.74,-96.47,82.4,4.7
maltahohe,0.0,NA,1584247104.0,28.0,-24.83,16.98,69.06,10.27
faanui,12.0,PF,1584246943.0,77.0,-16.48,-151.75,82.9,11.43
palmer,90.0,US,1584247105.0,51.0,42.16,-72.33,41.0,3.36
havoysund,100.0,NO,1584247106.0,92.0,71.0,24.66,24.8,5.82
